arecod,stos,stoe,wh_id,locsts,velzon,wrkzon,aisle_id,bastrv,trvord
FRA,AD01001,AD01091,SGDC,E,B,LWZ,,3000000,asc
FRA,AD02001,AD02091,SGDC,E,B,LWZ,,3000000,asc
FRA,AD03001,AD03091,SGDC,E,B,LWZ,,3000000,asc
FRA,AD04001,AD04091,SGDC,E,B,LWZ,,3000000,asc
FRA,AD05001,AD05091,SGDC,E,B,LWZ,,3000000,asc
FRA,AD06001,AD06091,SGDC,E,B,HWZ,,3000000,asc
FRA,AD07001,AD07091,SGDC,E,B,HWZ,,3000000,asc
FRA,AD08001,AD08091,SGDC,E,B,HWZ,,3000000,asc
FRA,AD09001,AD09091,SGDC,E,B,HWZ,,3000000,asc
FRA,AD10001,AD10091,SGDC,E,B,HWZ,,3000000,asc
FRA,AD11001,AD11091,SGDC,E,B,HWZ,,3000000,asc
FRA,AD12001,AD12091,SGDC,E,B,HWZ,,3000000,asc
FRA,AD13001,AD13091,SGDC,E,B,HWZ,,3000000,asc
FRA,AD14001,AD14091,SGDC,E,B,HWZ,,3000000,asc
FRA,AD15001,AD15091,SGDC,E,B,HWZ,,3000000,asc
FRA,AD16001,AD16091,SGDC,E,B,HWZ,,3000000,asc
FRA,AD17001,AD17091,SGDC,E,B,HWZ,,3000000,asc
FRA,AD18001,AD18091,SGDC,E,B,HWZ,,3000000,asc
FRA,AD19001,AD19091,SGDC,E,B,HWZ,,3000000,asc
CD,AE01001,AE01065,SGDC,E,B,LWZ,,3100000,asc
CD,AE02001,AE02065,SGDC,E,B,LWZ,,3100000,asc
CD,AE03001,AE03065,SGDC,E,B,LWZ,,3100000,asc
CD,AE04001,AE04065,SGDC,E,B,LWZ,,3100000,asc
CD,AE05001,AE05065,SGDC,E,B,LWZ,,3100000,asc
CD,AE06001,AE06065,SGDC,E,B,HWZ,,3100000,asc
CD,AE07001,AE07065,SGDC,E,B,HWZ,,3100000,asc
CD,AE08001,AE08065,SGDC,E,B,HWZ,,3100000,asc
CD,AE09001,AE09065,SGDC,E,B,HWZ,,3100000,asc
CD,AE10001,AE10065,SGDC,E,B,HWZ,,3100000,asc
CD,AE11001,AE11065,SGDC,E,B,HWZ,,3100000,asc
CD,AE12001,AE12065,SGDC,E,B,HWZ,,3100000,asc
CD,AE13001,AE13065,SGDC,E,B,HWZ,,3100000,asc
CD,AE14001,AE14065,SGDC,E,B,HWZ,,3100000,asc
CD,AE15001,AE15065,SGDC,E,B,HWZ,,3100000,asc
CD,AE16001,AE16065,SGDC,E,B,HWZ,,3100000,asc
CD,AE17001,AE17065,SGDC,E,B,HWZ,,3100000,asc
CD,AE18001,AE18065,SGDC,E,B,HWZ,,3100000,asc
CD,AE19001,AE19065,SGDC,E,B,HWZ,,3100000,asc
HFRA,AE01066,AE01091,SGDC,E,B,LWZ,,3100000,asc
HFRA,AE02066,AE02091,SGDC,E,B,LWZ,,3100000,asc
HFRA,AE03066,AE03091,SGDC,E,B,LWZ,,3100000,asc
HFRA,AE04066,AE04091,SGDC,E,B,LWZ,,3100000,asc
HFRA,AE05066,AE05091,SGDC,E,B,LWZ,,3100000,asc
HFRA,AE06066,AE06091,SGDC,E,B,HWZ,,3100000,asc
HFRA,AE07066,AE07091,SGDC,E,B,HWZ,,3100000,asc
HFRA,AE08066,AE08091,SGDC,E,B,HWZ,,3100000,asc
HFRA,AE09066,AE09091,SGDC,E,B,HWZ,,3100000,asc
HFRA,AE10066,AE10091,SGDC,E,B,HWZ,,3100000,asc
HFRA,AE11066,AE11091,SGDC,E,B,HWZ,,3100000,asc
HFRA,AE12066,AE12091,SGDC,E,B,HWZ,,3100000,asc
HFRA,AE13066,AE13091,SGDC,E,B,HWZ,,3100000,asc
HFRA,AE14066,AE14091,SGDC,E,B,HWZ,,3100000,asc
HFRA,AE15066,AE15091,SGDC,E,B,HWZ,,3100000,asc
HFRA,AE16066,AE16091,SGDC,E,B,HWZ,,3100000,asc
HFRA,AE17066,AE17091,SGDC,E,B,HWZ,,3100000,asc
HFRA,AE18066,AE18091,SGDC,E,B,HWZ,,3100000,asc
HFRA,AE19066,AE19091,SGDC,E,B,HWZ,,3100000,asc
CD,AF01001,AF01030,SGDC,E,B,LWZ,,3100000,asc
CD,AF02001,AF02030,SGDC,E,B,LWZ,,3100000,asc
CD,AF03001,AF03030,SGDC,E,B,LWZ,,3100000,asc
CD,AF04001,AF04065,SGDC,E,B,HWZ,,3100000,asc
CD,AF05001,AF05065,SGDC,E,B,HWZ,,3100000,asc
CD,AF06001,AF06065,SGDC,E,B,HWZ,,3100000,asc
CD,AF07001,AF07065,SGDC,E,B,HWZ,,3100000,asc
CD,AF08001,AF08065,SGDC,E,B,HWZ,,3100000,asc
CD,AF09001,AF09065,SGDC,E,B,HWZ,,3100000,asc
CD,AF10001,AF10065,SGDC,E,B,HWZ,,3100000,asc
CD,AF11001,AF11065,SGDC,E,B,HWZ,,3100000,asc
CD,AF12001,AF12065,SGDC,E,B,HWZ,,3100000,asc
CD,AF13001,AF13065,SGDC,E,B,HWZ,,3100000,asc
CD,AF14001,AF14065,SGDC,E,B,HWZ,,3100000,asc
CD,AF15001,AF15065,SGDC,E,B,HWZ,,3100000,asc
CD,AF16001,AF16065,SGDC,E,B,HWZ,,3100000,asc
GU,AF01031,AF01042,SGDC,E,B,LWZ,,3100000,asc
GU,AF02031,AF02042,SGDC,E,B,LWZ,,3100000,asc
GU,AF03031,AF03042,SGDC,E,B,LWZ,,3100000,asc
GU,AF04066,AF04091,SGDC,E,B,HWZ,,3100000,asc
GU,AF05066,AF05091,SGDC,E,B,HWZ,,3100000,asc
GU,AF06066,AF06091,SGDC,E,B,HWZ,,3100000,asc
GU,AF07066,AF07091,SGDC,E,B,HWZ,,3100000,asc
GU,AF08066,AF08091,SGDC,E,B,HWZ,,3100000,asc
GU,AF09066,AF09091,SGDC,E,B,HWZ,,3100000,asc
GU,AF10066,AF10091,SGDC,E,B,HWZ,,3100000,asc
GU,AF11066,AF11091,SGDC,E,B,HWZ,,3100000,asc
GU,AF12066,AF12091,SGDC,E,B,HWZ,,3100000,asc
GU,AF13066,AF13091,SGDC,E,B,HWZ,,3100000,asc
GU,AF14066,AF14091,SGDC,E,B,HWZ,,3100000,asc
GU,AF15066,AF15091,SGDC,E,B,HWZ,,3100000,asc
GU,AF16066,AF16091,SGDC,E,B,HWZ,,3100000,asc
CLOO,AG01001,AG01018,SGDC,E,B,LWZ,,3300000,asc
CLOO,AG02001,AG02018,SGDC,E,B,LWZ,,3300000,asc
CLOO,AG03001,AG03018,SGDC,E,B,LWZ,,3300000,asc
CTRD,AG01019,AG01030,SGDC,E,B,LWZ,,3300000,asc
CTRD,AG02019,AG02030,SGDC,E,B,LWZ,,3300000,asc
CTRD,AG03019,AG03030,SGDC,E,B,LWZ,,3300000,asc
KH,AG01031,AG01036,SGDC,E,B,LWZ,,3300000,asc
KH,AG02031,AG02036,SGDC,E,B,LWZ,,3300000,asc
KH,AG03031,AG03036,SGDC,E,B,LWZ,,3300000,asc
CEB,AG01037,AG01042,SGDC,E,B,LWZ,,3300000,asc
CEB,AG02037,AG02042,SGDC,E,B,LWZ,,3300000,asc
CEB,AG03037,AG03042,SGDC,E,B,LWZ,,3300000,asc
CLOO,AG04001,AG04039,SGDC,E,B,HWZ,,3300000,asc
CLOO,AG05001,AG05039,SGDC,E,B,HWZ,,3300000,asc
CLOO,AG06001,AG06039,SGDC,E,B,HWZ,,3300000,asc
CLOO,AG07001,AG07039,SGDC,E,B,HWZ,,3300000,asc
CLOO,AG08001,AG08039,SGDC,E,B,HWZ,,3300000,asc
CLOO,AG09001,AG09039,SGDC,E,B,HWZ,,3300000,asc
CLOO,AG10001,AG10039,SGDC,E,B,HWZ,,3300000,asc
CLOO,AG11001,AG11039,SGDC,E,B,HWZ,,3300000,asc
CLOO,AG12001,AG12039,SGDC,E,B,HWZ,,3300000,asc
CLOO,AG13001,AG13039,SGDC,E,B,HWZ,,3300000,asc
CLOO,AG14001,AG14039,SGDC,E,B,HWZ,,3300000,asc
CLOO,AG15001,AG15039,SGDC,E,B,HWZ,,3300000,asc
CLOO,AG16001,AG16039,SGDC,E,B,HWZ,,3300000,asc
CTRD,AG04040,AG04065,SGDC,E,B,HWZ,,3300000,asc
CTRD,AG05040,AG05065,SGDC,E,B,HWZ,,3300000,asc
CTRD,AG06040,AG06065,SGDC,E,B,HWZ,,3300000,asc
CTRD,AG07040,AG07065,SGDC,E,B,HWZ,,3300000,asc
CTRD,AG08040,AG08065,SGDC,E,B,HWZ,,3300000,asc
CTRD,AG09040,AG09065,SGDC,E,B,HWZ,,3300000,asc
CTRD,AG10040,AG10065,SGDC,E,B,HWZ,,3300000,asc
CTRD,AG11040,AG11065,SGDC,E,B,HWZ,,3300000,asc
CTRD,AG12040,AG12065,SGDC,E,B,HWZ,,3300000,asc
CTRD,AG13040,AG13065,SGDC,E,B,HWZ,,3300000,asc
CTRD,AG14040,AG14065,SGDC,E,B,HWZ,,3300000,asc
CTRD,AG15040,AG15065,SGDC,E,B,HWZ,,3300000,asc
CTRD,AG16040,AG16065,SGDC,E,B,HWZ,,3300000,asc
KH,AG04066,AG04078,SGDC,E,B,HWZ,,3300000,asc
KH,AG05066,AG05078,SGDC,E,B,HWZ,,3300000,asc
KH,AG06066,AG06078,SGDC,E,B,HWZ,,3300000,asc
KH,AG07066,AG07078,SGDC,E,B,HWZ,,3300000,asc
KH,AG08066,AG08078,SGDC,E,B,HWZ,,3300000,asc
KH,AG09066,AG09078,SGDC,E,B,HWZ,,3300000,asc
KH,AG10066,AG10078,SGDC,E,B,HWZ,,3300000,asc
KH,AG11066,AG11078,SGDC,E,B,HWZ,,3300000,asc
KH,AG12066,AG12078,SGDC,E,B,HWZ,,3300000,asc
KH,AG13066,AG13078,SGDC,E,B,HWZ,,3300000,asc
KH,AG14066,AG14078,SGDC,E,B,HWZ,,3300000,asc
KH,AG15066,AG15078,SGDC,E,B,HWZ,,3300000,asc
KH,AG16066,AG16078,SGDC,E,B,HWZ,,3300000,asc
CEB,AG04079,AG04091,SGDC,E,B,HWZ,,3300000,asc
CEB,AG05079,AG05091,SGDC,E,B,HWZ,,3300000,asc
CEB,AG06079,AG06091,SGDC,E,B,HWZ,,3300000,asc
CEB,AG07079,AG07091,SGDC,E,B,HWZ,,3300000,asc
CEB,AG08079,AG08091,SGDC,E,B,HWZ,,3300000,asc
CEB,AG09079,AG09091,SGDC,E,B,HWZ,,3300000,asc
CEB,AG10079,AG10091,SGDC,E,B,HWZ,,3300000,asc
CEB,AG11079,AG11091,SGDC,E,B,HWZ,,3300000,asc
CEB,AG12079,AG12091,SGDC,E,B,HWZ,,3300000,asc
CEB,AG13079,AG13091,SGDC,E,B,HWZ,,3300000,asc
CEB,AG14079,AG14091,SGDC,E,B,HWZ,,3300000,asc
CEB,AG15079,AG15091,SGDC,E,B,HWZ,,3300000,asc
CEB,AG16079,AG16091,SGDC,E,B,HWZ,,3300000,asc
CLOO,AH01001,AH01039,SGDC,E,B,LWZ,,3300000,asc
CLOO,AH02001,AH02039,SGDC,E,B,LWZ,,3300000,asc
CLOO,AH03001,AH03039,SGDC,E,B,LWZ,,3300000,asc
CLOO,AH04001,AH04039,SGDC,E,B,LWZ,,3300000,asc
CLOO,AH05001,AH05039,SGDC,E,B,LWZ,,3300000,asc
CLOO,AH06001,AH06039,SGDC,E,B,HWZ,,3300000,asc
CLOO,AH07001,AH07039,SGDC,E,B,HWZ,,3300000,asc
CLOO,AH08001,AH08039,SGDC,E,B,HWZ,,3300000,asc
CLOO,AH09001,AH09039,SGDC,E,B,HWZ,,3300000,asc
CLOO,AH10001,AH10039,SGDC,E,B,HWZ,,3300000,asc
CLOO,AH11001,AH11039,SGDC,E,B,HWZ,,3300000,asc
CLOO,AH12001,AH12039,SGDC,E,B,HWZ,,3300000,asc
CLOO,AH13001,AH13039,SGDC,E,B,HWZ,,3300000,asc
CLOO,AH14001,AH14039,SGDC,E,B,HWZ,,3300000,asc
CLOO,AH15001,AH15039,SGDC,E,B,HWZ,,3300000,asc
CLOO,AH16001,AH16039,SGDC,E,B,HWZ,,3300000,asc
CLOO,AH17001,AH17039,SGDC,E,B,HWZ,,3300000,asc
CLOO,AH18001,AH18039,SGDC,E,B,HWZ,,3300000,asc
CLOO,AH19001,AH19039,SGDC,E,B,HWZ,,3300000,asc
CTRD,AH01040,AH01065,SGDC,E,B,LWZ,,3300000,asc
CTRD,AH02040,AH02065,SGDC,E,B,LWZ,,3300000,asc
CTRD,AH03040,AH03065,SGDC,E,B,LWZ,,3300000,asc
CTRD,AH04040,AH04065,SGDC,E,B,LWZ,,3300000,asc
CTRD,AH05040,AH05065,SGDC,E,B,LWZ,,3300000,asc
CTRD,AH06040,AH06065,SGDC,E,B,HWZ,,3300000,asc
CTRD,AH07040,AH07065,SGDC,E,B,HWZ,,3300000,asc
CTRD,AH08040,AH08065,SGDC,E,B,HWZ,,3300000,asc
CTRD,AH09040,AH09065,SGDC,E,B,HWZ,,3300000,asc
CTRD,AH10040,AH10065,SGDC,E,B,HWZ,,3300000,asc
CTRD,AH11040,AH11065,SGDC,E,B,HWZ,,3300000,asc
CTRD,AH12040,AH12065,SGDC,E,B,HWZ,,3300000,asc
CTRD,AH13040,AH13065,SGDC,E,B,HWZ,,3300000,asc
CTRD,AH14040,AH14065,SGDC,E,B,HWZ,,3300000,asc
CTRD,AH15040,AH15065,SGDC,E,B,HWZ,,3300000,asc
CTRD,AH16040,AH16065,SGDC,E,B,HWZ,,3300000,asc
CTRD,AH17040,AH17065,SGDC,E,B,HWZ,,3300000,asc
CTRD,AH18040,AH18065,SGDC,E,B,HWZ,,3300000,asc
CTRD,AH19040,AH19065,SGDC,E,B,HWZ,,3300000,asc
KH,AH01066,AH01078,SGDC,E,B,LWZ,,3300000,asc
KH,AH02066,AH02078,SGDC,E,B,LWZ,,3300000,asc
KH,AH03066,AH03078,SGDC,E,B,LWZ,,3300000,asc
KH,AH04066,AH04078,SGDC,E,B,LWZ,,3300000,asc
KH,AH05066,AH05078,SGDC,E,B,LWZ,,3300000,asc
KH,AH06066,AH06078,SGDC,E,B,HWZ,,3300000,asc
KH,AH07066,AH07078,SGDC,E,B,HWZ,,3300000,asc
KH,AH08066,AH08078,SGDC,E,B,HWZ,,3300000,asc
KH,AH09066,AH09078,SGDC,E,B,HWZ,,3300000,asc
KH,AH10066,AH10078,SGDC,E,B,HWZ,,3300000,asc
KH,AH11066,AH11078,SGDC,E,B,HWZ,,3300000,asc
KH,AH12066,AH12078,SGDC,E,B,HWZ,,3300000,asc
KH,AH13066,AH13078,SGDC,E,B,HWZ,,3300000,asc
KH,AH14066,AH14078,SGDC,E,B,HWZ,,3300000,asc
KH,AH15066,AH15078,SGDC,E,B,HWZ,,3300000,asc
KH,AH16066,AH16078,SGDC,E,B,HWZ,,3300000,asc
KH,AH17066,AH17078,SGDC,E,B,HWZ,,3300000,asc
KH,AH18066,AH18078,SGDC,E,B,HWZ,,3300000,asc
KH,AH19066,AH19078,SGDC,E,B,HWZ,,3300000,asc
CEB,AH01079,AH01091,SGDC,E,B,LWZ,,3300000,asc
CEB,AH02079,AH02091,SGDC,E,B,LWZ,,3300000,asc
CEB,AH03079,AH03091,SGDC,E,B,LWZ,,3300000,asc
CEB,AH04079,AH04091,SGDC,E,B,LWZ,,3300000,asc
CEB,AH05079,AH05091,SGDC,E,B,LWZ,,3300000,asc
CEB,AH06079,AH06091,SGDC,E,B,HWZ,,3300000,asc
CEB,AH07079,AH07091,SGDC,E,B,HWZ,,3300000,asc
CEB,AH08079,AH08091,SGDC,E,B,HWZ,,3300000,asc
CEB,AH09079,AH09091,SGDC,E,B,HWZ,,3300000,asc
CEB,AH10079,AH10091,SGDC,E,B,HWZ,,3300000,asc
CEB,AH11079,AH11091,SGDC,E,B,HWZ,,3300000,asc
CEB,AH12079,AH12091,SGDC,E,B,HWZ,,3300000,asc
CEB,AH13079,AH13091,SGDC,E,B,HWZ,,3300000,asc
CEB,AH14079,AH14091,SGDC,E,B,HWZ,,3300000,asc
CEB,AH15079,AH15091,SGDC,E,B,HWZ,,3300000,asc
CEB,AH16079,AH16091,SGDC,E,B,HWZ,,3300000,asc
CEB,AH17079,AH17091,SGDC,E,B,HWZ,,3300000,asc
CEB,AH18079,AH18091,SGDC,E,B,HWZ,,3300000,asc
CEB,AH19079,AH19091,SGDC,E,B,HWZ,,3300000,asc
CQ,AI01001,AI01052,SGDC,E,B,LWZ,,3500000,asc
CQ,AI02001,AI02052,SGDC,E,B,LWZ,,3500000,asc
CQ,AI03001,AI03052,SGDC,E,B,LWZ,,3500000,asc
CQ,AI04001,AI04052,SGDC,E,B,LWZ,,3500000,asc
CQ,AI05001,AI05052,SGDC,E,B,LWZ,,3500000,asc
CQ,AI06001,AI06052,SGDC,E,B,HWZ,,3500000,asc
CQ,AI07001,AI07052,SGDC,E,B,HWZ,,3500000,asc
CQ,AI08001,AI08052,SGDC,E,B,HWZ,,3500000,asc
CQ,AI09001,AI09052,SGDC,E,B,HWZ,,3500000,asc
CQ,AI10001,AI10052,SGDC,E,B,HWZ,,3500000,asc
CQ,AI11001,AI11052,SGDC,E,B,HWZ,,3500000,asc
CQ,AI12001,AI12052,SGDC,E,B,HWZ,,3500000,asc
CQ,AI13001,AI13052,SGDC,E,B,HWZ,,3500000,asc
CQ,AI14001,AI14052,SGDC,E,B,HWZ,,3500000,asc
CQ,AI15001,AI15052,SGDC,E,B,HWZ,,3500000,asc
CQ,AI16001,AI16052,SGDC,E,B,HWZ,,3500000,asc
CQ,AI17001,AI17052,SGDC,E,B,HWZ,,3500000,asc
CQ,AI18001,AI18052,SGDC,E,B,HWZ,,3500000,asc
CQ,AI19001,AI19052,SGDC,E,B,HWZ,,3500000,asc
GNRC,AI01053,AI01065,SGDC,E,B,LWZ,,3500000,asc
GNRC,AI02053,AI02065,SGDC,E,B,LWZ,,3500000,asc
GNRC,AI03053,AI03065,SGDC,E,B,LWZ,,3500000,asc
GNRC,AI04053,AI04065,SGDC,E,B,LWZ,,3500000,asc
GNRC,AI05053,AI05065,SGDC,E,B,LWZ,,3500000,asc
GNRC,AI06053,AI06065,SGDC,E,B,HWZ,,3500000,asc
GNRC,AI07053,AI07065,SGDC,E,B,HWZ,,3500000,asc
GNRC,AI08053,AI08065,SGDC,E,B,HWZ,,3500000,asc
GNRC,AI09053,AI09065,SGDC,E,B,HWZ,,3500000,asc
GNRC,AI10053,AI10065,SGDC,E,B,HWZ,,3500000,asc
GNRC,AI11053,AI11065,SGDC,E,B,HWZ,,3500000,asc
GNRC,AI12053,AI12065,SGDC,E,B,HWZ,,3500000,asc
GNRC,AI13053,AI13065,SGDC,E,B,HWZ,,3500000,asc
GNRC,AI14053,AI14065,SGDC,E,B,HWZ,,3500000,asc
GNRC,AI15053,AI15065,SGDC,E,B,HWZ,,3500000,asc
GNRC,AI16053,AI16065,SGDC,E,B,HWZ,,3500000,asc
GNRC,AI17053,AI17065,SGDC,E,B,HWZ,,3500000,asc
GNRC,AI18053,AI18065,SGDC,E,B,HWZ,,3500000,asc
GNRC,AI19053,AI19065,SGDC,E,B,HWZ,,3500000,asc
LN,AI01066,AI01091,SGDC,E,B,LWZ,,3500000,asc
LN,AI02066,AI02091,SGDC,E,B,LWZ,,3500000,asc
LN,AI03066,AI03091,SGDC,E,B,LWZ,,3500000,asc
LN,AI04066,AI04091,SGDC,E,B,LWZ,,3500000,asc
LN,AI05066,AI05091,SGDC,E,B,LWZ,,3500000,asc
LN,AI06066,AI06091,SGDC,E,B,HWZ,,3500000,asc
LN,AI07066,AI07091,SGDC,E,B,HWZ,,3500000,asc
LN,AI08066,AI08091,SGDC,E,B,HWZ,,3500000,asc
LN,AI09066,AI09091,SGDC,E,B,HWZ,,3500000,asc
LN,AI10066,AI10091,SGDC,E,B,HWZ,,3500000,asc
LN,AI11066,AI11091,SGDC,E,B,HWZ,,3500000,asc
LN,AI12066,AI12091,SGDC,E,B,HWZ,,3500000,asc
LN,AI13066,AI13091,SGDC,E,B,HWZ,,3500000,asc
LN,AI14066,AI14091,SGDC,E,B,HWZ,,3500000,asc
LN,AI15066,AI15091,SGDC,E,B,HWZ,,3500000,asc
LN,AI16066,AI16091,SGDC,E,B,HWZ,,3500000,asc
LN,AI17066,AI17091,SGDC,E,B,HWZ,,3500000,asc
LN,AI18066,AI18091,SGDC,E,B,HWZ,,3500000,asc
LN,AI19066,AI19091,SGDC,E,B,HWZ,,3500000,asc
CKB,AJ01001,AJ01030,SGDC,E,B,LWZ,,3500000,asc
CKB,AJ02001,AJ02030,SGDC,E,B,LWZ,,3500000,asc
CKB,AJ03001,AJ03030,SGDC,E,B,LWZ,,3500000,asc
LN,AJ01031,AJ01042,SGDC,E,B,LWZ,,3500000,asc
LN,AJ02031,AJ02042,SGDC,E,B,LWZ,,3500000,asc
LN,AJ03031,AJ03042,SGDC,E,B,LWZ,,3500000,asc
CKB,AJ04001,AJ04065,SGDC,E,B,HWZ,,3500000,asc
CKB,AJ05001,AJ05065,SGDC,E,B,HWZ,,3500000,asc
CKB,AJ06001,AJ06065,SGDC,E,B,HWZ,,3500000,asc
CKB,AJ07001,AJ07065,SGDC,E,B,HWZ,,3500000,asc
CKB,AJ08001,AJ08065,SGDC,E,B,HWZ,,3500000,asc
CKB,AJ09001,AJ09065,SGDC,E,B,HWZ,,3500000,asc
CKB,AJ10001,AJ10065,SGDC,E,B,HWZ,,3500000,asc
CKB,AJ11001,AJ11065,SGDC,E,B,HWZ,,3500000,asc
CKB,AJ12001,AJ12065,SGDC,E,B,HWZ,,3500000,asc
CKB,AJ13001,AJ13065,SGDC,E,B,HWZ,,3500000,asc
CKB,AJ14001,AJ14065,SGDC,E,B,HWZ,,3500000,asc
CKB,AJ15001,AJ15065,SGDC,E,B,HWZ,,3500000,asc
CKB,AJ16001,AJ16065,SGDC,E,B,HWZ,,3500000,asc
LN,AJ04066,AJ04091,SGDC,E,B,HWZ,,3500000,asc
LN,AJ05066,AJ05091,SGDC,E,B,HWZ,,3500000,asc
LN,AJ06066,AJ06091,SGDC,E,B,HWZ,,3500000,asc
LN,AJ07066,AJ07091,SGDC,E,B,HWZ,,3500000,asc
LN,AJ08066,AJ08091,SGDC,E,B,HWZ,,3500000,asc
LN,AJ09066,AJ09091,SGDC,E,B,HWZ,,3500000,asc
LN,AJ10066,AJ10091,SGDC,E,B,HWZ,,3500000,asc
LN,AJ11066,AJ11091,SGDC,E,B,HWZ,,3500000,asc
LN,AJ12066,AJ12091,SGDC,E,B,HWZ,,3500000,asc
LN,AJ13066,AJ13091,SGDC,E,B,HWZ,,3500000,asc
LN,AJ14066,AJ14091,SGDC,E,B,HWZ,,3500000,asc
LN,AJ15066,AJ15091,SGDC,E,B,HWZ,,3500000,asc
LN,AJ16066,AJ16091,SGDC,E,B,HWZ,,3500000,asc
EL,AK01001,AK01024,SGDC,E,B,LWZ,,3700000,asc
EL,AK02001,AK02024,SGDC,E,B,LWZ,,3700000,asc
EL,AK03001,AK03024,SGDC,E,B,LWZ,,3700000,asc
CMD,AK01025,AK01042,SGDC,E,B,LWZ,,3700000,asc
CMD,AK02025,AK02042,SGDC,E,B,LWZ,,3700000,asc
CMD,AK03025,AK03042,SGDC,E,B,LWZ,,3700000,asc
EL,AK04001,AK04052,SGDC,E,B,HWZ,,3700000,asc
EL,AK05001,AK05052,SGDC,E,B,HWZ,,3700000,asc
EL,AK06001,AK06052,SGDC,E,B,HWZ,,3700000,asc
EL,AK07001,AK07052,SGDC,E,B,HWZ,,3700000,asc
EL,AK08001,AK08052,SGDC,E,B,HWZ,,3700000,asc
EL,AK09001,AK09052,SGDC,E,B,HWZ,,3700000,asc
EL,AK10001,AK10052,SGDC,E,B,HWZ,,3700000,asc
EL,AK11001,AK11052,SGDC,E,B,HWZ,,3700000,asc
EL,AK12001,AK12052,SGDC,E,B,HWZ,,3700000,asc
EL,AK13001,AK13052,SGDC,E,B,HWZ,,3700000,asc
EL,AK14001,AK14052,SGDC,E,B,HWZ,,3700000,asc
EL,AK15001,AK15052,SGDC,E,B,HWZ,,3700000,asc
EL,AK16001,AK16052,SGDC,E,B,HWZ,,3700000,asc
CMD,AK04053,AK04091,SGDC,E,B,HWZ,,3700000,asc
CMD,AK05053,AK05091,SGDC,E,B,HWZ,,3700000,asc
CMD,AK06053,AK06091,SGDC,E,B,HWZ,,3700000,asc
CMD,AK07053,AK07091,SGDC,E,B,HWZ,,3700000,asc
CMD,AK08053,AK08091,SGDC,E,B,HWZ,,3700000,asc
CMD,AK09053,AK09091,SGDC,E,B,HWZ,,3700000,asc
CMD,AK10053,AK10091,SGDC,E,B,HWZ,,3700000,asc
CMD,AK11053,AK11091,SGDC,E,B,HWZ,,3700000,asc
CMD,AK12053,AK12091,SGDC,E,B,HWZ,,3700000,asc
CMD,AK13053,AK13091,SGDC,E,B,HWZ,,3700000,asc
CMD,AK14053,AK14091,SGDC,E,B,HWZ,,3700000,asc
CMD,AK15053,AK15091,SGDC,E,B,HWZ,,3700000,asc
CMD,AK16053,AK16091,SGDC,E,B,HWZ,,3700000,asc
EL,AL01001,AL01052,SGDC,E,B,LWZ,,3700000,asc
EL,AL02001,AL02052,SGDC,E,B,LWZ,,3700000,asc
EL,AL03001,AL03052,SGDC,E,B,LWZ,,3700000,asc
EL,AL04001,AL04052,SGDC,E,B,LWZ,,3700000,asc
EL,AL05001,AL05052,SGDC,E,B,LWZ,,3700000,asc
EL,AL06001,AL06052,SGDC,E,B,HWZ,,3700000,asc
EL,AL07001,AL07052,SGDC,E,B,HWZ,,3700000,asc
EL,AL08001,AL08052,SGDC,E,B,HWZ,,3700000,asc
EL,AL09001,AL09052,SGDC,E,B,HWZ,,3700000,asc
EL,AL10001,AL10052,SGDC,E,B,HWZ,,3700000,asc
EL,AL11001,AL11052,SGDC,E,B,HWZ,,3700000,asc
EL,AL12001,AL12052,SGDC,E,B,HWZ,,3700000,asc
EL,AL13001,AL13052,SGDC,E,B,HWZ,,3700000,asc
EL,AL14001,AL14052,SGDC,E,B,HWZ,,3700000,asc
EL,AL15001,AL15052,SGDC,E,B,HWZ,,3700000,asc
EL,AL16001,AL16052,SGDC,E,B,HWZ,,3700000,asc
EL,AL17001,AL17052,SGDC,E,B,HWZ,,3700000,asc
EL,AL18001,AL18052,SGDC,E,B,HWZ,,3700000,asc
EL,AL19001,AL19052,SGDC,E,B,HWZ,,3700000,asc
CWB,AL01053,AL01091,SGDC,E,B,LWZ,,3700000,asc
CWB,AL02053,AL02091,SGDC,E,B,LWZ,,3700000,asc
CWB,AL03053,AL03091,SGDC,E,B,LWZ,,3700000,asc
CWB,AL04053,AL04091,SGDC,E,B,LWZ,,3700000,asc
CWB,AL05053,AL05091,SGDC,E,B,LWZ,,3700000,asc
CWB,AL06053,AL06091,SGDC,E,B,HWZ,,3700000,asc
CWB,AL07053,AL07091,SGDC,E,B,HWZ,,3700000,asc
CWB,AL08053,AL08091,SGDC,E,B,HWZ,,3700000,asc
CWB,AL09053,AL09091,SGDC,E,B,HWZ,,3700000,asc
CWB,AL10053,AL10091,SGDC,E,B,HWZ,,3700000,asc
CWB,AL11053,AL11091,SGDC,E,B,HWZ,,3700000,asc
CWB,AL12053,AL12091,SGDC,E,B,HWZ,,3700000,asc
CWB,AL13053,AL13091,SGDC,E,B,HWZ,,3700000,asc
CWB,AL14053,AL14091,SGDC,E,B,HWZ,,3700000,asc
CWB,AL15053,AL15091,SGDC,E,B,HWZ,,3700000,asc
CWB,AL16053,AL16091,SGDC,E,B,HWZ,,3700000,asc
CWB,AL17053,AL17091,SGDC,E,B,HWZ,,3700000,asc
CWB,AL18053,AL18091,SGDC,E,B,HWZ,,3700000,asc
CWB,AL19053,AL19091,SGDC,E,B,HWZ,,3700000,asc
VS,AM01001,AM01065,SGDC,E,B,LWZ,,3900000,asc
VS,AM02001,AM02065,SGDC,E,B,LWZ,,3900000,asc
VS,AM03001,AM03065,SGDC,E,B,LWZ,,3900000,asc
VS,AM04001,AM04065,SGDC,E,B,LWZ,,3900000,asc
VS,AM05001,AM05065,SGDC,E,B,LWZ,,3900000,asc
VS,AM06001,AM06065,SGDC,E,B,HWZ,,3900000,asc
VS,AM07001,AM07065,SGDC,E,B,HWZ,,3900000,asc
VS,AM08001,AM08065,SGDC,E,B,HWZ,,3900000,asc
VS,AM09001,AM09065,SGDC,E,B,HWZ,,3900000,asc
VS,AM10001,AM10065,SGDC,E,B,HWZ,,3900000,asc
VS,AM11001,AM11065,SGDC,E,B,HWZ,,3900000,asc
VS,AM12001,AM12065,SGDC,E,B,HWZ,,3900000,asc
VS,AM13001,AM13065,SGDC,E,B,HWZ,,3900000,asc
VS,AM14001,AM14065,SGDC,E,B,HWZ,,3900000,asc
VS,AM15001,AM15065,SGDC,E,B,HWZ,,3900000,asc
VS,AM16001,AM16065,SGDC,E,B,HWZ,,3900000,asc
VS,AM17001,AM17065,SGDC,E,B,HWZ,,3900000,asc
VS,AM18001,AM18065,SGDC,E,B,HWZ,,3900000,asc
VS,AM19001,AM19065,SGDC,E,B,HWZ,,3900000,asc
CTR,AM01066,AM01078,SGDC,E,B,LWZ,,3900000,asc
CTR,AM02066,AM02078,SGDC,E,B,LWZ,,3900000,asc
CTR,AM03066,AM03078,SGDC,E,B,LWZ,,3900000,asc
CTR,AM04066,AM04078,SGDC,E,B,LWZ,,3900000,asc
CTR,AM05066,AM05078,SGDC,E,B,LWZ,,3900000,asc
CTR,AM06066,AM06078,SGDC,E,B,HWZ,,3900000,asc
CTR,AM07066,AM07078,SGDC,E,B,HWZ,,3900000,asc
CTR,AM08066,AM08078,SGDC,E,B,HWZ,,3900000,asc
CTR,AM09066,AM09078,SGDC,E,B,HWZ,,3900000,asc
CTR,AM10066,AM10078,SGDC,E,B,HWZ,,3900000,asc
CTR,AM11066,AM11078,SGDC,E,B,HWZ,,3900000,asc
CTR,AM12066,AM12078,SGDC,E,B,HWZ,,3900000,asc
CTR,AM13066,AM13078,SGDC,E,B,HWZ,,3900000,asc
CTR,AM14066,AM14078,SGDC,E,B,HWZ,,3900000,asc
CTR,AM15066,AM15078,SGDC,E,B,HWZ,,3900000,asc
CTR,AM16066,AM16078,SGDC,E,B,HWZ,,3900000,asc
CTR,AM17066,AM17078,SGDC,E,B,HWZ,,3900000,asc
CTR,AM18066,AM18078,SGDC,E,B,HWZ,,3900000,asc
CTR,AM19066,AM19078,SGDC,E,B,HWZ,,3900000,asc
GV,AM01079,AM01091,SGDC,E,B,LWZ,,3900000,asc
GV,AM02079,AM02091,SGDC,E,B,LWZ,,3900000,asc
GV,AM03079,AM03091,SGDC,E,B,LWZ,,3900000,asc
GV,AM04079,AM04091,SGDC,E,B,LWZ,,3900000,asc
GV,AM05079,AM05091,SGDC,E,B,LWZ,,3900000,asc
GV,AM06079,AM06091,SGDC,E,B,HWZ,,3900000,asc
GV,AM07079,AM07091,SGDC,E,B,HWZ,,3900000,asc
GV,AM08079,AM08091,SGDC,E,B,HWZ,,3900000,asc
GV,AM09079,AM09091,SGDC,E,B,HWZ,,3900000,asc
GV,AM10079,AM10091,SGDC,E,B,HWZ,,3900000,asc
GV,AM11079,AM11091,SGDC,E,B,HWZ,,3900000,asc
GV,AM12079,AM12091,SGDC,E,B,HWZ,,3900000,asc
GV,AM13079,AM13091,SGDC,E,B,HWZ,,3900000,asc
GV,AM14079,AM14091,SGDC,E,B,HWZ,,3900000,asc
GV,AM15079,AM15091,SGDC,E,B,HWZ,,3900000,asc
GV,AM16079,AM16091,SGDC,E,B,HWZ,,3900000,asc
GV,AM17079,AM17091,SGDC,E,B,HWZ,,3900000,asc
GV,AM18079,AM18091,SGDC,E,B,HWZ,,3900000,asc
GV,AM19079,AM19091,SGDC,E,B,HWZ,,3900000,asc
VS,AN01001,AN01036,SGDC,E,B,LWZ,,3900000,asc
VS,AN02001,AN02036,SGDC,E,B,LWZ,,3900000,asc
VS,AN03001,AN03036,SGDC,E,B,LWZ,,3900000,asc
GFT,AN01037,AN01042,SGDC,E,B,LWZ,,3900000,asc
GFT,AN02037,AN02042,SGDC,E,B,LWZ,,3900000,asc
GFT,AN03037,AN03042,SGDC,E,B,LWZ,,3900000,asc
VS,AN04001,AN04078,SGDC,E,B,HWZ,,3900000,asc
VS,AN05001,AN05078,SGDC,E,B,HWZ,,3900000,asc
VS,AN06001,AN06078,SGDC,E,B,HWZ,,3900000,asc
VS,AN07001,AN07078,SGDC,E,B,HWZ,,3900000,asc
VS,AN08001,AN08078,SGDC,E,B,HWZ,,3900000,asc
VS,AN09001,AN09078,SGDC,E,B,HWZ,,3900000,asc
VS,AN10001,AN10078,SGDC,E,B,HWZ,,3900000,asc
VS,AN11001,AN11078,SGDC,E,B,HWZ,,3900000,asc
VS,AN12001,AN12078,SGDC,E,B,HWZ,,3900000,asc
VS,AN13001,AN13078,SGDC,E,B,HWZ,,3900000,asc
VS,AN14001,AN14078,SGDC,E,B,HWZ,,3900000,asc
VS,AN15001,AN15078,SGDC,E,B,HWZ,,3900000,asc
VS,AN16001,AN16078,SGDC,E,B,HWZ,,3900000,asc
GFT,AN04079,AN04091,SGDC,E,B,HWZ,,3900000,asc
GFT,AN05079,AN05091,SGDC,E,B,HWZ,,3900000,asc
GFT,AN06079,AN06091,SGDC,E,B,HWZ,,3900000,asc
GFT,AN07079,AN07091,SGDC,E,B,HWZ,,3900000,asc
GFT,AN08079,AN08091,SGDC,E,B,HWZ,,3900000,asc
GFT,AN09079,AN09091,SGDC,E,B,HWZ,,3900000,asc
GFT,AN10079,AN10091,SGDC,E,B,HWZ,,3900000,asc
GFT,AN11079,AN11091,SGDC,E,B,HWZ,,3900000,asc
GFT,AN12079,AN12091,SGDC,E,B,HWZ,,3900000,asc
GFT,AN13079,AN13091,SGDC,E,B,HWZ,,3900000,asc
GFT,AN14079,AN14091,SGDC,E,B,HWZ,,3900000,asc
GFT,AN15079,AN15091,SGDC,E,B,HWZ,,3900000,asc
GFT,AN16079,AN16091,SGDC,E,B,HWZ,,3900000,asc
DPSG,AO01001,AO01024,SGDC,E,B,LWZ,,4100000,asc
DPSG,AO02001,AO02024,SGDC,E,B,LWZ,,4100000,asc
DPSG,AO03001,AO03024,SGDC,E,B,LWZ,,4100000,asc
PKGS,AO01025,AO01042,SGDC,E,B,LWZ,,4100000,asc
PKGS,AO02025,AO02042,SGDC,E,B,LWZ,,4100000,asc
PKGS,AO03025,AO03042,SGDC,E,B,LWZ,,4100000,asc
DPSG,AO04001,AO04052,SGDC,E,B,HWZ,,4100000,asc
DPSG,AO05001,AO05052,SGDC,E,B,HWZ,,4100000,asc
DPSG,AO06001,AO06052,SGDC,E,B,HWZ,,4100000,asc
DPSG,AO07001,AO07052,SGDC,E,B,HWZ,,4100000,asc
DPSG,AO08001,AO08052,SGDC,E,B,HWZ,,4100000,asc
DPSG,AO09001,AO09052,SGDC,E,B,HWZ,,4100000,asc
DPSG,AO10001,AO10052,SGDC,E,B,HWZ,,4100000,asc
DPSG,AO11001,AO11052,SGDC,E,B,HWZ,,4100000,asc
DPSG,AO12001,AO12052,SGDC,E,B,HWZ,,4100000,asc
DPSG,AO13001,AO13052,SGDC,E,B,HWZ,,4100000,asc
DPSG,AO14001,AO14052,SGDC,E,B,HWZ,,4100000,asc
DPSG,AO15001,AO15052,SGDC,E,B,HWZ,,4100000,asc
DPSG,AO16001,AO16052,SGDC,E,B,HWZ,,4100000,asc
PKGS,AO04053,AO04091,SGDC,E,B,HWZ,,4100000,asc
PKGS,AO05053,AO05091,SGDC,E,B,HWZ,,4100000,asc
PKGS,AO06053,AO06091,SGDC,E,B,HWZ,,4100000,asc
PKGS,AO07053,AO07091,SGDC,E,B,HWZ,,4100000,asc
PKGS,AO08053,AO08091,SGDC,E,B,HWZ,,4100000,asc
PKGS,AO09053,AO09091,SGDC,E,B,HWZ,,4100000,asc
PKGS,AO10053,AO10091,SGDC,E,B,HWZ,,4100000,asc
PKGS,AO11053,AO11091,SGDC,E,B,HWZ,,4100000,asc
PKGS,AO12053,AO12091,SGDC,E,B,HWZ,,4100000,asc
PKGS,AO13053,AO13091,SGDC,E,B,HWZ,,4100000,asc
PKGS,AO14053,AO14091,SGDC,E,B,HWZ,,4100000,asc
PKGS,AO15053,AO15091,SGDC,E,B,HWZ,,4100000,asc
PKGS,AO16053,AO16091,SGDC,E,B,HWZ,,4100000,asc
